,District,Member,Party,Prior experience,Education,Assumed office,Residence,Birth_date
0,Alabama,Jerry Carl,Republican,Mobile County Commission,Florida Gateway College,2021,Mobile,64
1,Alabama,Barry Moore,Republican,Alabama House of Representatives,"Enterprise State Community College (AS)
Auburn University (BS)",2021,Enterprise,56
2,Alabama,Mike Rogers,Republican,"Calhoun County Commissioner
Alabama House of Representatives","Jacksonville State University (BA, MPA)
Birmingham School of Law (JD)",2003,Anniston,64
3,Alabama,Robert Aderholt,Republican,Haleyville Municipal Judge,"University of North Alabama
Birmingham–Southern College (BA)
Samford University (JD)",1997,Haleyville,57
4,Alabama,Mo Brooks,Republican,"Alabama House of Representatives
Madison County Commissioner","Duke University (BA)
University of Alabama (JD)",2011,Huntsville,68
5,Alabama,Gary Palmer,Republican,Policy analyst,University of Alabama (BS),2015,Hoover,68
6,Alabama,Terri Sewell,Democratic,Attorney,"Princeton University (BA)
St Hilda's College, Oxford (MA)
Harvard University (JD)",2011,Birmingham,57
7,Alaska,Mary Peltola,Democratic,Alaska House of Representatives,"University of Northern Colorado
University of Alaska Anchorage
University of Alaska Southeast
University of Alaska Fairbanks",2022 (special),Bethel,49
8,Arizona,Tom O'Halleran,Democratic,Arizona Senate,"Lewis University
DePaul University",2017,Sedona,76
9,Arizona,Ann Kirkpatrick,Democratic,"U.S. House
Arizona House of Representatives","University of Arizona (BA, JD)",2019,Tucson,72
10,Arizona,Raúl Grijalva,Democratic,Pima County Board of Supervisors,University of Arizona (BA),2003,Tucson,74
11,Arizona,Paul Gosar,Republican,President of the Northern Arizona Dental Society,"Creighton University (BS, DDS)",2011,Prescott,63
12,Arizona,Andy Biggs,Republican,Arizona Senate,"Brigham Young University (BA)
University of Arizona (JD)
Arizona State University, Phoenix (MA)",2017,Gilbert,63
13,Arizona,David Schweikert,Republican,"Arizona House of Representatives
Arizona Board of Education
Arizona Board of Equalization
Maricopa County Treasurer","Arizona State University, Tempe (BS, MBA)",2011,Fountain Hills,60
14,Arizona,Ruben Gallego,Democratic,Arizona House of Representatives,Harvard University (BA),2015,Phoenix,42
15,Arizona,Debbie Lesko,Republican,"Arizona House of Representatives
Arizona Senate
President Pro Tempore of Arizona Senate",University of Wisconsin–Madison (BA),2018 (special),Peoria,63
16,Arizona,Greg Stanton,Democratic,Mayor of Phoenix,"Marquette University (BA)
University of Michigan (JD)",2019,Phoenix,52
17,Arkansas,Rick Crawford,Republican,"Broadcaster
Businessman",Arkansas State University (BS),2011,Jonesboro,56
18,Arkansas,French Hill,Republican,Businessman,Vanderbilt University (BS),2015,Little Rock,65
19,Arkansas,Steve Womack,Republican,Mayor of Rogers,Arkansas Tech University (BA),2011,Rogers,65
20,Arkansas,Bruce Westerman,Republican,Arkansas House of Representatives,"University of Arkansas (BS)
Yale University (MS)",2015,Hot Springs,54
21,California,Doug LaMalfa,Republican,"California State Senate
California State Assembly","Butte College
California Polytechnic State University (BS)",2013,Oroville,62
22,California,Jared Huffman,Democratic,California State Assembly,"University of California, Santa Barbara (BA)
Boston College (JD)",2013,San Rafael,58
23,California,John Garamendi,Democratic,"United States Deputy Secretary of the Interior
Lieutenant Governor of California
California Insurance Commissioner
California State Senate
California State Assembly","University of California, Berkeley (BA)
Harvard University (MBA)",2009 (special),Walnut Grove,77
24,California,Tom McClintock,Republican,"California Senate
California State Assembly","University of California, Los Angeles (BA)",2009,Elk Grove,66
25,California,Mike Thompson,Democratic,California State Senate,"Napa Valley College
California State University, Chico (BA, MPA)",1999,St. Helena,71
26,California,Doris Matsui,Democratic,Sacramento City Council,"University of California, Berkeley (BA)",2005 (special),Sacramento,78
27,California,Ami Bera,Democratic,Chief Medical Officer of Sacramento County,"University of California, Irvine (BS, MD)",2013,Elk Grove,57
28,California,Jay Obernolte,Republican,"California State Assembly
Video game developer","California Institute of Technology (BS) University of California, Los Angeles (MS)",2021,Big Bear Lake,52
29,California,Jerry McNerney,Democratic,Engineering executive,"United States Military Academy
University of New Mexico (BS, MS, PhD)",2007,Stockton,71
30,California,Josh Harder,Democratic,"Venture capitalist
Professor","Stanford University (BA)
Harvard University (MBA, MPP)",2019,Turlock,36
31,California,Mark DeSaulnier,Democratic,"California State Senate
California State Assembly
Contra Costa County Board of Supervisors",College of the Holy Cross (BA),2015,Concord,70
32,California,Nancy Pelosi,Democratic,California Democratic Party Chair,Trinity Washington University (BA),1987 (special),San Francisco,82
33,California,Barbara Lee,Democratic,California State Assembly,"Mills College (BA)
University of California, Berkeley (MSW)",1998 (special),Oakland,76
34,California,Jackie Speier,Democratic,"California State Senate
California State Assembly
San Mateo County Board of Supervisors","University of California, Davis (BA)
University of California, Hastings (JD)",2008 (special),Hillsborough,72
35,California,Eric Swalwell,Democratic,Dublin City Council,"Campbell University
University of Maryland, College Park (BA)
University of Maryland, Baltimore (JD)",2013,Dublin,41
36,California,Jim Costa,Democratic,"California State Senate
California State Assembly","California State University, Fresno (BA)",2005,Fresno,70
37,California,Ro Khanna,Democratic,"Attorney
Author
Educator","University of Chicago (BA)
Yale University (JD)",2017,Fremont,46
38,California,Anna Eshoo,Democratic,San Mateo County Board of Supervisors,Cañada College,1993,Atherton,79
39,California,Zoe Lofgren,Democratic,Santa Clara County Board of Supervisors,"Stanford University (BA)
Santa Clara University(JD)",1995,San Jose,74
40,California,Jimmy Panetta,Democratic,Deputy district attorney of Monterey County,"Monterey Peninsula College
University of California, Davis (BA)
Santa Clara University(JD)",2017,Carmel Valley,52
41,California,David Valadao,Republican,"U.S. House
California State Assembly
Farmer",College of the Sequoias,2021,Hanford,45
42,California,Connie Conway,Republican,California State Assembly,"College of the Sequoias
California State University, Fresno",2022 (special),Tulare,72
43,California,Kevin McCarthy,Republican,California State Assembly,"California State University, Bakersfield (BS, MBA)",2007,Bakersfield,57
44,California,Salud Carbajal,Democratic,Santa Barbara County Board of Supervisors,"University of California, Santa Barbara (BA)
Fielding Graduate University (MA)",2017,Santa Barbara,57
45,California,Mike Garcia,Republican,"Businessman
United States Navy","United States Naval Academy (BS)
Georgetown University (MA)",2020 (special),Santa Clarita,46
46,California,Julia Brownley,Democratic,California State Assembly,"George Washington University (BA)
American University (MBA)",2013,Westlake Village,70
47,California,Judy Chu,Democratic,"Mayor of Monterey Park
Monterey Park City Council
California State Assembly
California State Board of Equalization","University of California, Los Angeles (BA)
Alliant International University (MA, PhD)",2009 (special),Monterey Park,69
48,California,Adam Schiff,Democratic,"California State Senate
Assistant Prosecutor for the
United States Attorney for the Southern District of California","Stanford University (BA)
Harvard University (JD)",2001,Burbank,62
49,California,Tony Cárdenas,Democratic,Los Angeles City Council,"University of California, Santa Barbara (BS)",2013,Pacoima,59
50,California,Brad Sherman,Democratic,California Board of Equalization,"University of California, Los Angeles (BA)
Harvard University (JD)",1997,Sherman Oaks,67
51,California,Pete Aguilar,Democratic,Mayor of Redlands,University of Redlands (BS),2015,Redlands,43
52,California,Grace Napolitano,Democratic,California State Assembly,"Cerritos College
Texas Southmost College",1999,Norwalk,85
53,California,Ted Lieu,Democratic,"California State Senate
California State Assembly","Stanford University (BA, BS)
Georgetown University (JD)",2015,Torrance,53
54,California,Jimmy Gomez,Democratic,California State Assembly,"University of California, Los Angeles (BA)
Harvard University (MPP)",2017 (special),Los Angeles,47
55,California,Norma Torres,Democratic,"California State Senate
California State Assembly
Mayor of Pomona",National Labor College (BA),2015,Pomona,57
56,California,Raul Ruiz,Democratic,Emergency physician,"University of California, Los Angeles (BS)
Harvard University (MD, MPP, MPH)",2013,Coachella,50
57,California,Karen Bass,Democratic,Speaker of the California State Assembly,"San Diego State University
California State University, Dominguez Hills (BS)",2011,Los Angeles,68
58,California,Linda Sánchez,Democratic,Attorney,"University of California, Berkeley (BA)
University of California, Los Angeles (JD)",2003,Whittier,53
59,California,Young Kim,Republican,California State Assembly,University of Southern California (BBA),2021,La Habra,59
60,California,Lucille Roybal-Allard,Democratic,California State Assembly Public relations executive,"California State University, Los Angeles (BA)",1993,Downey,81
61,California,Mark Takano,Democratic,Teacher,"Harvard University (BA)
University of California, Riverside (MFA)",2013,Riverside,61
62,California,Ken Calvert,Republican,Real estate executive,"Chaffey College
San Diego State University (BA)",1993,Corona,69
63,California,Maxine Waters,Democratic,California State Assembly,"California State University, Los Angeles (BA)",1991,Los Angeles,84
64,California,Nanette Barragán,Democratic,Hermosa Beach City Council,"University of California, Los Angeles (BA)
University of Southern California (JD)",2017,San Pedro,46
65,California,Katie Porter,Democratic,"Attorney
Professor","Yale University (BA)
Harvard University (JD)",2019,Irvine,48
66,California,Lou Correa,Democratic,"California State Senate
Orange County Board of Supervisors
California State Assembly","California State University, Fullerton (BA)
University of California, Los Angeles (JD, MBA)",2017,Santa Ana,64
67,California,Alan Lowenthal,Democratic,"California State Senate
California State Assembly","Hobart College (BA)
Ohio State University (MA, PhD)",2013,Long Beach,81
68,California,Michelle Steel,Republican,"Orange County Board of Supervisors
California State Board of Equalization","Pepperdine University (BA)
University of Southern California (MBA)",2021,Surfside,67
69,California,Mike Levin,Democratic,Environmental activist,"Stanford University (BA)
Duke University (JD)",2019,San Juan Capistrano,43
70,California,Darrell Issa,Republican,"Businessman
U.S. House",Siena Heights University (BA),2021,San Diego,68
71,California,Juan Vargas,Democratic,"California State Senate
California State Assembly
San Diego City Council","University of San Diego (BA)
Fordham University (MA)
Harvard University (JD)",2013,San Diego,61
72,California,Scott Peters,Democratic,"San Diego City Council
San Diego Port Commission","Duke University (BA)
New York University (JD)",2013,San Diego,64
73,California,Sara Jacobs,Democratic,"Nonprofit founder
Policy advisor","Columbia University (BA, MIA)",2021,San Diego,33
74,Colorado,Diana DeGette,Democratic,Colorado House of Representatives,"Colorado College (BA)
New York University (JD)",1997,Denver,65
75,Colorado,Joe Neguse,Democratic,"Executive Director of the Colorado Department of Regulatory Agencies
Regents of the University of Colorado","University of Colorado, Boulder (BA, JD)",2019,Lafayette,38
76,Colorado,Lauren Boebert,Republican,"Businesswoman
Restaurateur",–,2021,Silt,35
77,Colorado,Ken Buck,Republican,Weld County District Attorney,"Princeton University (BA)
University of Wyoming (JD)",2015,Windsor,63
78,Colorado,Doug Lamborn,Republican,"President Pro Tempore of the Colorado Senate
Colorado House of Representatives","University of Kansas (BS, JD)",2007,Colorado Springs,68
79,Colorado,Jason Crow,Democratic,"Attorney
U.S. Army Captain","University of Wisconsin, Madison (BA)
University of Denver (JD)",2019,Centennial,43
80,Colorado,Ed Perlmutter,Democratic,Colorado Senate,"University of Colorado Boulder (BA, JD)",2007,Arvada,69
81,Connecticut,John B. Larson,Democratic,"Connecticut Senate
East Hartford City Council
East Hartford Board of Education",Central Connecticut State University (BA),1999,East Hartford,74
82,Connecticut,Joe Courtney,Democratic,Connecticut House of Representatives,"Tufts University (BA)
University of Connecticut (JD)",2007,Vernon,69
83,Connecticut,Rosa DeLauro,Democratic,"Executive Director of EMILY's List
Political aide","Marymount College, Tarrytown (BA)
London School of Economics
(MA)
Columbia University (MA)",1991,New Haven,79
84,Connecticut,Jim Himes,Democratic,"Financial executive
Greenwich Housing Authority Board","Harvard University (BA)
St Edmund Hall, Oxford (MPhil)",2009,Cos Cob,56
85,Connecticut,Jahana Hayes,Democratic,Teacher,"Naugatuck Valley Community College
Southern Connecticut State University (BA)
University of Saint Joseph (MA)
University of Bridgeport (SYC)",2019,Wolcott,49
86,Delaware,Lisa Blunt Rochester,Democratic,"Delaware Health and Social Services Secretary
Delaware Labor Secretary
Delaware Personnel Director","Fairleigh Dickinson University
(BA)
University of Delaware (MA)",2017,Wilmington,60
87,Florida,Matt Gaetz,Republican,Florida House of Representatives,"Florida State University (BS)
College of William & Mary (JD)",2017,Fort Walton Beach,40
88,Florida,Neal Dunn,Republican,Surgeon,"Washington and Lee University (BS)
George Washington University (MD)",2017,Panama City,69
89,Florida,Kat Cammack,Republican,Political advisor,"Metropolitan State University of Denver (BA)
Naval War College (MS)",2021,Gainesville,34
90,Florida,John Rutherford,Republican,Sheriff of Duval County,"Florida State College
Florida State University (BS)",2017,Jacksonville,70
91,Florida,Al Lawson,Democratic,Florida Senate,"Florida A&M University (BA)
Florida State University (MPA)",2017,Tallahassee,74
92,Florida,Michael Waltz,Republican,"U.S. Army
Intelligence analyst",Virginia Military Institute (BS),2019,St. Augustine Beach,48
93,Florida,Stephanie Murphy,Democratic,"Advisor
Educator","College of William & Mary (BA)
Georgetown University (MS)",2017,Winter Park,44
94,Florida,Bill Posey,Republican,"Florida Senate
Florida House of Representatives
Rockledge City Council",Eastern Florida State College,2009,Rockledge,74
95,Florida,Darren Soto,Democratic,"Florida Senate
Florida House of Representatives","Rutgers University–New Brunswick (BA)
George Washington University (JD)",2017,Kissimmee,44
96,Florida,Val Demings,Democratic,Chief of the Orlando Police Department,Florida State University (BS),2017,Orlando,65
97,Florida,Daniel Webster,Republican,"Florida Senate
Speaker of Florida House of Representatives",Georgia Institute of Technology (BS),2011,Clermont,73
98,Florida,Gus Bilirakis,Republican,Florida House of Representatives,"St. Petersburg College
University of Florida (BA)
Stetson University (JD)",2007,Palm Harbor,59
100,Florida,Kathy Castor,Democratic,"Assistant General Counsel to the Florida Department of Community Affairs
President of the Florida Association of Women Lawyers
Hillsborough County Board of Commissioners","Emory University (BA)
Florida State University (JD)",2007,Tampa,56
101,Florida,Scott Franklin,Republican,Lakeland City Commission,"United States Naval Academy (BA)
Embry–Riddle Aeronautical University (MBA)",2021,Lakeland,58
102,Florida,Vern Buchanan,Republican,Auto dealer,"Cleary University (BA)
University of Detroit Mercy (MBA)",2007,Sarasota,71
103,Florida,Greg Steube,Republican,"Florida Senate
Florida House of Representatives","University of Florida (BS, JD)",2019,Sarasota,44
104,Florida,Brian Mast,Republican,U.S. Army Soldier,"Palm Beach Atlantic University
American Military University
Harvard University (BLA)",2017,Palm City,42
105,Florida,Byron Donalds,Republican,Florida House of Representatives,Florida State University (BS),2021,Naples,43
106,Florida,Sheila Cherfilus-McCormick,Democratic,CEO of Trinity Health,"Howard University (BA)
St. Thomas University (JD)",2022 (special),Miramar,43
107,Florida,Lois Frankel,Democratic,"Mayor of West Palm Beach
Florida House of Representatives","Boston University (BA)
Georgetown University (JD)",2013,West Palm Beach,74
108,Florida,Ted Deutch,Democratic,Florida Senate,"University of Michigan (BA, JD)",2010 (special),Boca Raton,56
109,Florida,Debbie Wasserman Schultz,Democratic,"Florida Senate
Florida House of Representatives
Democratic National Committee Chair","University of Florida (BA, MA)",2005,Weston,55
110,Florida,Frederica Wilson,Democratic,"Florida Senate
Florida House of Representatives
Miami-Dade County Public Schools Board","Fisk University (BA)
University of Miami (MA)",2011,Miami Gardens,79
111,Florida,Mario Díaz-Balart,Republican,"Florida Senate
Florida House of Representatives",University of South Florida (BA),2003,Miami,61
112,Florida,Carlos Giménez,Republican,"Mayor of Miami-Dade County
Miami-Dade County Commission",Barry University (BPA),2021,Miami,68
113,Florida,María Elvira Salazar,Republican,"News anchor 
Journalist","Miami Dade College
University of Miami (BA)
Harvard University (MPA)",2021,Miami,60
114,Georgia,Buddy Carter,Republican,"Georgia Senate
Georgia House of Representatives
Mayor of Pooler","Young Harris College
University of Georgia (BS)",2015,Pooler,65
115,Georgia,Sanford Bishop,Democratic,"Georgia Senate
Georgia House of Representatives","Morehouse College (BA)
Emory University (JD)",1993,Albany,75
116,Georgia,Drew Ferguson,Republican,Mayor of West Point,"University of Georgia (BS)
Augusta University (DMD)",2017,West Point,55
117,Georgia,Hank Johnson,Democratic,"DeKalb County Commissioner
Associate Magistrate Judge","Clark Atlanta University (BA)
Texas Southern University (JD)",2007,Lithonia,67
118,Georgia,Nikema Williams,Democratic,"Georgia Senate 
Chair of the Georgia Democratic Party",Talladega College (BA),2021,Atlanta,44
119,Georgia,Lucy McBath,Democratic,Activist,Virginia State University (BA),2019,Marietta,62
120,Georgia,Carolyn Bourdeaux,Democratic,Professor,"Yale University (BA)
University of Southern California (MPA)
Syracuse University (DPA)",2021,Suwanee,52
121,Georgia,Austin Scott,Republican,Georgia House of Representatives,University of Georgia (BA),2011,Tifton,52
122,Georgia,Andrew Clyde,Republican,U.S. Navy Commander,"University of Notre Dame (BA)
Bethel University (BBA)
University of Georgia (MBA)",2021,Athens,58
123,Georgia,Jody Hice,Republican,"Radio show host
Southern Baptist pastor","Asbury University (BA)
Southwestern Baptist Theological Seminary (MDiv)
Luther Rice College and Seminary (DMin)",2015,Greensboro,62
124,Georgia,Barry Loudermilk,Republican,"Georgia State Senate
Georgia House of Representatives","Air University
Wayland Baptist University (BS)",2015,Cassville,58
125,Georgia,Rick W. Allen,Republican,Businessman,Auburn University (BS),2015,Augusta,70
126,Georgia,David Scott,Democratic,"Georgia State Senate
Georgia House of Representatives","Florida A&M University (BA)
University of Pennsylvania (MBA)",2003,Atlanta,77
127,Georgia,Marjorie Taylor Greene,Republican,"Businesswoman 
Activist",University of Georgia (BBA),2021,Rome,48
128,Hawaii,Ed Case,Democratic,"U.S. House
Hawaii House of Representatives","Williams College (BA)
University of California, Hastings (JD)",2019,Kaneohe,69
129,Hawaii,Kai Kahele,Democratic,Hawaii Senate,University of Hawai'i at Mānoa (BA),2021,Hilo,48
130,Idaho,Russ Fulcher,Republican,Idaho Senate,"Boise State University (BA, MBA)",2019,Meridian,60
131,Idaho,Mike Simpson,Republican,"Idaho House of Representatives
Blackfoot City Council","Utah State University (BS)
Washington University in St. Louis (DMD)",1999,Idaho Falls,72
132,Illinois,Bobby Rush,Democratic,Chicago City Council,"Roosevelt University (BGS)
University of Illinois Chicago (MA)
McCormick Theological Seminary (MA)",1993,Chicago,75
133,Illinois,Robin Kelly,Democratic,"Illinois House of Representatives
Chief of Staff to the Illinois Treasurer
Chief Administrative Officer to the Cook County President","Bradley University (BA, MA)
Northern Illinois University (PhD)",2013 (special),Matteson,66
134,Illinois,Marie Newman,Democratic,"Businesswoman 
Activist",University of Wisconsin–Madison (BA),2021,La Grange,58
135,Illinois,"Jesús ""Chuy"" García",Democratic,"Cook County Board of Commissioners
Illinois Senate
Chicago City Council","University of Illinois Chicago (BA, MUP)",2019,Chicago,66
136,Illinois,Mike Quigley,Democratic,Cook County Board of Commissioners,"Roosevelt University (BA)
University of Chicago (MPP)
Loyola University Chicago (JD)",2009 (special),Chicago,63
137,Illinois,Sean Casten,Democratic,Entrepreneur,"Middlebury College (BA)
Dartmouth College (MSEM, MS)",2019,Downers Grove,50
138,Illinois,Danny K. Davis,Democratic,"Chicago City Council
Cook County Board of Commissioners","University of Arkansas at Pine Bluff (BA)
Chicago State University (MS)
Union Institute & University (PhD)",1997,Chicago,81
139,Illinois,Raja Krishnamoorthi,Democratic,"Public servant
Attorney","Princeton University (BS)
Harvard University (JD)",2017,Schaumburg,49
140,Illinois,Jan Schakowsky,Democratic,Illinois House of Representatives,University of Illinois Urbana-Champaign (BS),1999,Evanston,78
141,Illinois,Brad Schneider,Democratic,"U.S. House
Management consultant","Northwestern University (BS, MBA)",2017,Deerfield,61
142,Illinois,Bill Foster,Democratic,"U.S. House
Research physicist
Businessman","University of Wisconsin–Madison (BS)
Harvard University (MS, PhD)",2013,Naperville,66
143,Illinois,Mike Bost,Republican,"Illinois House of Representatives
Firefighter",–,2015,Murphysboro,61
144,Illinois,Rodney Davis,Republican,Congressional staffer,Millikin University (BA),2013,Taylorville,52
145,Illinois,Lauren Underwood,Democratic,Registered nurse,"University of Michigan (BSN)
Johns Hopkins University (MSN, MPH)",2019,Naperville,35
146,Illinois,Mary Miller,Republican,Farmer,"Eastern Illinois University (BA, BS)",2021,Oakland,63
147,Illinois,Adam Kinzinger,Republican,"McLean County Board of Commissioners
Air Force pilot",Illinois State University (BA),2011,Channahon,44
148,Illinois,Cheri Bustos,Democratic,"East Moline City Council
Healthcare executive
Journalist","University of Maryland, College Park (BA)
University of Illinois Springfield (MA)",2013,Moline,60
149,Illinois,Darin LaHood,Republican,"Illinois Senate
Prosecutor U.S. Attorney's Office
Deputy Prosecutor Tazewell County","Loras College (BA)
John Marshall Law School, Chicago (JD)",2015 (special),Peoria,54
150,Indiana,Frank J. Mrvan,Democratic,North Township Trustee,Ball State University (BS),2021,Highland,53
152,Indiana,Jim Banks,Republican,Indiana Senate,"Indiana University Bloomington (BA)
Grace College & Seminary (MBA)",2017,Columbia City,43
153,Indiana,Jim Baird,Republican,"Indiana House of Representatives
Putnam County Commission","Purdue University, West Lafayette (BS, MS)
University of Kentucky (PhD)",2019,Greencastle,77
154,Indiana,Victoria Spartz,Republican,Indiana Senate,"Kyiv National Economic University (BS, MBA)
Indiana University, Indianapolis (MAcc)",2021,Noblesville,43
155,Indiana,Greg Pence,Republican,Businessman,"Loyola University Chicago (BA, MBA)",2019,Columbus,65
156,Indiana,André Carson,Democratic,Indianapolis City-County Council,"Concordia University Wisconsin (BA)
Indiana Wesleyan University (MS)",2008 (special),Indianapolis,47
157,Indiana,Larry Bucshon,Republican,Heart surgeon,"University of Illinois Urbana-Champaign (BS)
University of Illinois Chicago (MD)",2011,Evansville,60
158,Indiana,Trey Hollingsworth,Republican,CEO of Hollingsworth Capital Partners,"University of Pennsylvania (BS)
Georgetown University (MPP)",2017,Jeffersonville,39
159,Iowa,Ashley Hinson,Republican,"Iowa House of Representatives
News anchor",University of Southern California (BA),2021,Marion,39
160,Iowa,Mariannette Miller-Meeks,Republican,"Iowa Senate
Physician
U.S. Army Lieutenant Colonel","Texas Christian University (BS)
University of Southern California (MS)
University of Texas, San Antonio (MD)",2021,Ottumwa,67
161,Iowa,Cindy Axne,Democratic,Businesswoman,"University of Iowa (BA)
Northwestern University (MBA)",2019,West Des Moines,57
162,Iowa,Randy Feenstra,Republican,"Iowa Senate 
Sioux County Treasurer","Dordt University (BA)
Iowa State University (MPA)",2021,Hull,53
163,Kansas,Tracey Mann,Republican,"Lieutenant Governor of Kansas 
Real estate agent 
Businessman",Kansas State University (BS),2021,Salina,45
164,Kansas,Jake LaTurner,Republican,"Kansas State Treasurer 
Kansas Senate",Pittsburg State University (BA),2021,Topeka,34
165,Kansas,Sharice Davids,Democratic,"Attorney
Mixed martial artist","Haskell Indian Nations University
University of Kansas
Johnson County Community College
University of Missouri–Kansas City (BA)
Cornell University (JD)",2019,Roeland Park,42
166,Kansas,Ron Estes,Republican,Kansas State Treasurer,"Tennessee Technological University (BS, MBA)",2017 (special),Wichita,66
167,Kentucky,James Comer,Republican,"Kentucky House of Representatives
Agriculture Commissioner of Kentucky",Western Kentucky University (BS),2016 (special),Tompkinsville,50
168,Kentucky,Brett Guthrie,Republican,Kentucky Senate,"United States Military Academy (BS)
Yale University (MBA)",2009,Bowling Green,58
169,Kentucky,John Yarmuth,Democratic,"Newspaper publisher
Vice-president for University Relations, University of Louisville","Yale University (BA)
Georgetown University",2007,Louisville,74
170,Kentucky,Thomas Massie,Republican,Judge-Executive of Lewis County,"Massachusetts Institute of Technology (BS, MS)",2012 (special),Garrison,51
171,Kentucky,Hal Rogers,Republican,Commonwealth's Attorney for Pulaski County and Rockcastle County,"Western Kentucky University (BA)
University of Kentucky (LLB)",1981,Somerset,84
172,Kentucky,Andy Barr,Republican,Attorney,"University of Virginia (BA)
University of Kentucky (JD)",2013,Lexington,49
173,Louisiana,Steve Scalise,Republican,"Louisiana State Senate
Louisiana House of Representatives",Louisiana State University (BS),2008 (special),Jefferson,56
174,Louisiana,Troy Carter,Democratic,"Louisiana State Senate
Louisiana House of Representatives
New Orleans City Council",Xavier University of Louisiana (BA),2021 (special),New Orleans,58
175,Louisiana,Clay Higgins,Republican,Reserve Deputy Marshal of Lafayette,Louisiana State University,2017,Lafayette,61
176,Louisiana,Mike Johnson,Republican,Louisiana House of Representatives,"Louisiana State University (BA, JD)",2017,Benton,50
177,Louisiana,Julia Letlow,Republican,College administrator,"University of Louisiana at Monroe (BA, MA)
University of South Florida (PhD)",2021 (special),Start,41
178,Louisiana,Garret Graves,Republican,Louisiana Coastal Protection and Restoration Authority,"University of Alabama
Louisiana Tech University
American University",2015,Baton Rouge,50
179,Maine,Chellie Pingree,Democratic,"Maine State Senate 
President, Common Cause","University of Southern Maine 
College of the Atlantic (BS)",2009,North Haven,67
180,Maine,Jared Golden,Democratic,Maine House of Representatives,"University of Maine, Farmington
Bates College (BA)",2019,Lewiston,40
181,Maryland,Andy Harris,Republican,"Maryland State Senate
Anesthesiologist","Johns Hopkins University (BS, MD, MHS)",2011,Cockeysville,65
182,Maryland,Dutch Ruppersberger,Democratic,"Baltimore County Executive
Chief of the Office of Investigative Division for Maryland's Department of Justice
Baltimore County Assistant State's Attorney","Baltimore City College
University of Maryland, College Park (BA)
University of Baltimore (JD)",2003,Cockeysville,76
183,Maryland,John Sarbanes,Democratic,"Attorney
Law clerk","Princeton University (BA)
Harvard University (JD)",2007,Baltimore,60
184,Maryland,Anthony G. Brown,Democratic,"Lieutenant Governor of Maryland
Maryland House of Delegates","Harvard University (BA, JD)",2017,Bowie,60
185,Maryland,Steny Hoyer,Democratic,"President of the Maryland State Senate
Maryland Board of Higher Education","University of Maryland, College Park (BA)
Georgetown University (JD)",1981 (special),Mechanicsville,83
186,Maryland,David Trone,Democratic,Businessman,"Furman University (BA)
University of Pennsylvania (MBA)",2019,Potomac,67
187,Maryland,Kweisi Mfume,Democratic,"Baltimore City Council
U.S. House
President of the NAACP","Baltimore City Community College
Morgan State University (BA)
Johns Hopkins University (MA)",2020 (special),Baltimore,73
188,Maryland,Jamie Raskin,Democratic,Maryland State Senate Majority Whip,"Harvard University (BA, JD)",2017,Takoma Park,59
189,Massachusetts,Richard Neal,Democratic,Mayor of Springfield,"Holyoke Community College
American International College (BA)
University of Hartford (MA)",1989,Springfield,73
190,Massachusetts,Jim McGovern,Democratic,Congressional staff member,"American University (BA, MPA)",1997,Worcester,62
191,Massachusetts,Lori Trahan,Democratic,"Businesswoman, Chief of Staff to Rep. Marty Meehan",Georgetown University (BA),2019,Westford,48
192,Massachusetts,Jake Auchincloss,Democratic,Newton City Council,"Harvard University (BA)
Massachusetts Institute of Technology (MBA)",2021,Newton,34
193,Massachusetts,Katherine Clark,Democratic,"Massachusetts Senate
Massachusetts House of Representatives
Attorney","St. Lawrence University (BA)
Cornell University (JD)
Harvard University (MPA)",2013 (special),Melrose,59
194,Massachusetts,Seth Moulton,Democratic,"Businessman
Activist
U.S. Marine Corps Captain","Harvard University (BS, MBA, MPP)",2015,Salem,43
195,Massachusetts,Ayanna Pressley,Democratic,Boston City Council,Boston University,2019,Boston,48
196,Massachusetts,Stephen F. Lynch,Democratic,"Massachusetts Senate
Massachusetts House of Representatives","Wentworth Institute of Technology (BS)
Boston College (JD)
Harvard University (MPA)",2001 (special),Boston,67
197,Massachusetts,Bill Keating,Democratic,"Massachusetts House of Representatives
Massachusetts Senate
Norfolk County District Attorney","Boston College (BA, MBA)
Suffolk University (JD)",2011,Bourne,70
198,Michigan,Jack Bergman,Republican,U.S. Marine Corps Lieutenant General,"Gustavus Adolphus College (BA)
University of West Florida (MBA)",2017,Watersmeet,75
199,Michigan,Bill Huizenga,Republican,Michigan House of Representatives,Calvin College (BA),2011,Holland,53
200,Michigan,Peter Meijer,Republican,Businessman,"United States Military Academy
Columbia University (BA)
New York University (MBA)",2021,Grand Rapids,34
201,Michigan,John Moolenaar,Republican,"Michigan Senate
Michigan House of Representatives","Hope College (BS)
Harvard University (MPA)",2015,Midland,61
202,Michigan,Dan Kildee,Democratic,Genesee County Treasurer,"University of Michigan–Flint
Central Michigan University (BS)",2013,Flushing,64
203,Michigan,Fred Upton,Republican,U.S. government administrator,University of Michigan (BA),1987,St. Joseph,69
204,Michigan,Tim Walberg,Republican,"U.S. House
Michigan House of Representatives","Western Illinois University
Moody Bible Institute
Taylor University (BA)
Wheaton College, Illinois (MA)",2011,Tipton,71
205,Michigan,Elissa Slotkin,Democratic,Assistant Secretary of Defense for International Security Affairs,"Cornell University (BA)
Columbia University (MA)",2019,Holly,46
206,Michigan,Andy Levin,Democratic,Attorney,"Williams College (BA)
University of Michigan, Ann Arbor (MA)
Harvard University (JD)",2019,Bloomfield Township,62
207,Michigan,Lisa McClain,Republican,Businesswoman,"Lansing Community College
Northwood University (BA)",2021,Bruce,56
208,Michigan,Haley Stevens,Democratic,Presidential Task Force on the Auto Industry,"American University (BA, MA)",2019,Rochester Hills,39
209,Michigan,Debbie Dingell,Democratic,"President of the General Motors Foundation, Wayne State University Board of Governors, Lobbyist","Georgetown University (BS, MS)",2015,Dearborn,68
210,Michigan,Rashida Tlaib,Democratic,Michigan House of Representatives,"Wayne State University (BA)
Thomas M. Cooley Law School (JD)",2019,Detroit,46
211,Michigan,Brenda Lawrence,Democratic,Mayor of Southfield,"University of Detroit Mercy
Central Michigan University (BA)",2015,Southfield,67
212,Minnesota,Brad Finstad,Republican,"Director of USDA Rural Development for Minnesota
Minnesota House of Representatives",University of Minnesota (BS),2022 (special),New Ulm,46
213,Minnesota,Angie Craig,Democratic,"Medical technology executive
Reporter",University of Memphis (BA),2019,Prior Lake,50
214,Minnesota,Dean Phillips,Democratic,Businessman,"Brown University (BA)
University of Minnesota (MBA)",2019,Deephaven,53
215,Minnesota,Betty McCollum,Democratic,"North St. Paul City Council
Minnesota House of Representatives",St. Catherine University (BA),2001,Saint Paul,68
216,Minnesota,Ilhan Omar,Democratic,Minnesota House of Representatives,North Dakota State University (BA),2019,Minneapolis,39
217,Minnesota,Tom Emmer,Republican,Minnesota House of Representatives,"Boston College
University of Alaska Fairbanks (BA)
William Mitchell College of Law (JD)",2015,Delano,61
218,Minnesota,Michelle Fischbach,Republican,"Lieutenant Governor of Minnesota 
President of the Minnesota Senate 
Minnesota Senate","St. Cloud State University (BA)
William Mitchell College of Law (JD)",2021,Regal,56
219,Minnesota,Pete Stauber,Republican,"St. Louis County Commission 
Police lieutenant 
Professional hockey player",Lake Superior State University (BA),2019,Hermantown,56
220,Mississippi,Trent Kelly,Republican,"District attorney,
Tupelo City prosecutor
Army National Guard Colonel","East Central Community College
University of Mississippi (BA, JD)
United States Army War College (MA)",2015 (special),Saltillo,56
221,Mississippi,Bennie Thompson,Democratic,"Alderman and Mayor of Bolton
Hinds County Board of Supervisors","Tougaloo College (BA)
Jackson State University (MS)",1993 (special),Bolton,74
222,Mississippi,Michael Guest,Republican,District Attorney for Madison and Rankin Counties,"Mississippi State University (BS)
University of Mississippi (JD)",2019,Brandon,52
223,Mississippi,Steven Palazzo,Republican,Mississippi House of Representatives,"University of Southern Mississippi (BA, MPA)",2011,Biloxi,52
224,Missouri,Cori Bush,Democratic,"Registered nurse 
Pastor 
Activist",Lutheran School of Nursing (GrDip),2021,St. Louis,46
225,Missouri,Ann Wagner,Republican,U.S. Ambassador to Luxembourg,University of Missouri (BS),2013,Ballwin,60
226,Missouri,Blaine Luetkemeyer,Republican,"Missouri House of Representatives
State Tourism Director","Lincoln University, Missouri (BA)",2009,St. Elizabeth,70
227,Missouri,Vicky Hartzler,Republican,Missouri House of Representatives,"University of Missouri (BS)
University of Central Missouri (MS)",2011,Harrisonville,61
228,Missouri,Emanuel Cleaver,Democratic,"Mayor of Kansas City
Pastor
Radio show host","Prairie View A&M University (BS)
Saint Paul School of Theology (MDiv)",2005,Kansas City,77
229,Missouri,Sam Graves,Republican,Missouri Senate,University of Missouri (BS),2001,Tarkio,58
230,Missouri,Billy Long,Republican,Auctioneer,University of Missouri,2011,Springfield,67
231,Missouri,Jason Smith,Republican,Missouri House of Representatives,"University of Missouri (BS)
Oklahoma City University (JD)",2013 (special),Salem,42
232,Montana,Matt Rosendale,Republican,"Montana State Auditor
Montana Senate
Montana House of Representatives",–,2021,Glendive,62
233,Nebraska,Mike Flood,Republican,Speaker of the Nebraska Legislature,"University of Notre Dame (BA)
University of Nebraska–Lincoln (JD)",2022 (special),Norfolk,47
234,Nebraska,Don Bacon,Republican,U.S. Air Force Brigadier General,"Northern Illinois University (BA)
University of Phoenix (MBA)
National Defense University (MA)",2017,Papillion,59
235,Nebraska,Adrian Smith,Republican,"Nebraska Legislature
Gering City Council","Liberty University
University of Nebraska–Lincoln (BA)",2007,Gering,51
236,Nevada,Dina Titus,Democratic,"U.S. House
Nevada Senate","College of William & Mary (BA)
University of Georgia (MA)
Florida State University (PhD)",2013,Las Vegas,72
237,Nevada,Mark Amodei,Republican,"Nevada Senate
Nevada Assembly","University of Nevada, Reno (BA)
University of the Pacific (JD)",2011 (special),Carson City,64
238,Nevada,Susie Lee,Democratic,Education advocate,"Carnegie Mellon University (BA, MS)",2019,Las Vegas,55
239,Nevada,Steven Horsford,Democratic,"U.S. House
Nevada Senate","University of Nevada, Reno (BA)",2019,Las Vegas,49
240,New Hampshire,Chris Pappas,Democratic,"New Hampshire Executive Council
Treasurer of Hillsborough County
New Hampshire House of Representatives",Harvard University (BA),2019,Manchester,42
241,New Hampshire,Annie Kuster,Democratic,"Attorney
Lobbyist","Dartmouth College (BA)
Georgetown University (JD)",2013,Hopkinton,66
242,New Jersey,Donald Norcross,Democratic,"New Jersey Senate
New Jersey General Assembly","Camden County College
Rutgers University-Camden",2014 (special),Camden,63
243,New Jersey,Jeff Van Drew,Republican,"New Jersey Senate
New Jersey General Assembly","Rutgers University–New Brunswick (BS)
Fairleigh Dickinson University (DMD)",2019,Dennis Township,69
244,New Jersey,Andy Kim,Democratic,National security adviser,"Deep Springs College
University of Chicago (BA)
Magdalen College, Oxford (MPhil, DPhil)",2019,Moorestown,40
245,New Jersey,Chris Smith,Republican,Retail executive,The College of New Jersey (BS),1981,Hamilton Township,69
246,New Jersey,Josh Gottheimer,Democratic,"Attorney
Political aide","University of Pennsylvania (BA)
Pembroke College, Oxford
Harvard University (JD)",2017,Wyckoff,47
247,New Jersey,Frank Pallone,Democratic,"New Jersey Senate
Long Branch City Council","Middlebury College (BA)
Tufts University (MA)
Rutgers University–Camden (JD)",1988 (special),Long Branch,70
248,New Jersey,Tom Malinowski,Democratic,"Assistant Secretary of State for Democracy, Human Rights, and Labor","University of California, Berkeley (BA)
St Antony's College, Oxford (MPhil)",2019,Rocky Hill,56
249,New Jersey,Albio Sires,Democratic,"Mayor of West New York
New Jersey General Assembly","Saint Peter's University (BA)
Middlebury College (MA)",2006 (special),West New York,71
250,New Jersey,Bill Pascrell,Democratic,"New Jersey General Assembly
Mayor of Paterson","Fordham University (BA, MA)",1997,Paterson,85
251,New Jersey,Donald Payne Jr.,Democratic,"Newark Municipal Council
Essex County Freeholder",Kean University,2012 (special),Newark,63
252,New Jersey,Mikie Sherrill,Democratic,"Assistant United States Attorney for the District of New Jersey
U.S. Navy helicopter pilot","United States Naval Academy (BS)
London School of Economics (MSc)
Georgetown University (JD)",2019,Montclair,50
253,New Jersey,Bonnie Watson Coleman,Democratic,New Jersey General Assembly,"Rutgers University-Camden
Thomas Edison State University (BA)",2015,Ewing Township,77
254,New Mexico,Melanie Stansbury,Democratic,New Mexico House of Representatives,"Saint Mary's College of California (BA)
Cornell University (MS)",2021 (special),Albuquerque,43
255,New Mexico,Yvette Herrell,Republican,New Mexico House of Representatives,ITT Technical Institute (GrCert),2021,Alamogordo,58
256,New Mexico,Teresa Leger Fernandez,Democratic,Attorney,"Yale University (BA)
Stanford University (JD)",2021,Santa Fe,63
257,New York,Lee Zeldin,Republican,New York Senate,"University at Albany, SUNY (BA)
Union University, New York (JD)",2015,Shirley,42
258,New York,Andrew Garbarino,Republican,New York State Assembly,"George Washington University (BA)
Hofstra University (JD)",2021,Sayville,37
259,New York,Thomas Suozzi,Democratic,"County Executive of Nassau County
Mayor of Glen Cove","Boston College (BA)
Fordham University (JD)",2017,Glen Cove,60
260,New York,Kathleen Rice,Democratic,District Attorney of Nassau County,"Catholic University of America (BA)
Touro College (JD)",2015,Garden City,57
261,New York,Gregory Meeks,Democratic,New York State Assembly,"Adelphi University (BA)
Howard University (JD)",1998 (special),Queens,69
262,New York,Grace Meng,Democratic,New York State Assembly,"University of Michigan (BA)
Yeshiva University (JD)",2013,Queens,46
263,New York,Nydia Velázquez,Democratic,"Director, Dept. of Puerto Rican Community Affairs","University of Puerto Rico, Río Piedras (BA)
New York University (MA)",1993,Brooklyn,69
264,New York,Hakeem Jeffries,Democratic,New York State Assembly,"Binghamton University (BA)
Georgetown University (MPP)
New York University (JD)",2013,Brooklyn,52
265,New York,Yvette Clarke,Democratic,New York City Council,"Oberlin College
Medgar Evers College",2007,Brooklyn,57
266,New York,Jerry Nadler,Democratic,New York State Assembly,"Columbia University (BA)
Fordham University (JD)",1992 (special),Manhattan,75
267,New York,Nicole Malliotakis,Republican,New York State Assembly,"Seton Hall University (BA)
Wagner College (MBA)",2021,Staten Island,41
268,New York,Carolyn Maloney,Democratic,New York City Council,Greensboro College (BA),1993,Manhattan,76
269,New York,Adriano Espaillat,Democratic,"New York State Senate
New York State Assembly","Queens College, City University of New York (BA)",2017,Manhattan,67
270,New York,Alexandria Ocasio-Cortez,Democratic,Bartender,Boston University (BA),2019,The Bronx,32
271,New York,Ritchie Torres,Democratic,New York City Council,New York University,2021,The Bronx,34
272,New York,Jamaal Bowman,Democratic,Middle school principal,"University of New Haven (BA)
Mercy College (MA)
Manhattanville College (EdD)",2021,Yonkers,46
273,New York,Mondaire Jones,Democratic,Attorney,"Stanford University (BA)
Harvard University (JD)",2021,Nyack,35
274,New York,Sean Patrick Maloney,Democratic,Attorney,"Georgetown University
University of Virginia (BA, JD)",2013,Cold Spring,56
275,New York,Pat Ryan,Democratic,County Executive of Ulster County,"United States Military Academy (BS)
Georgetown University (MA)",2022 (special),Gardiner,40
276,New York,Paul Tonko,Democratic,New York State Assembly,Clarkson University (BS),2009,Amsterdam,73
277,New York,Elise Stefanik,Republican,"Civil servant
Political activist",Harvard University (BA),2015,Schuylerville,38
278,New York,Claudia Tenney,Republican,"U.S. House
New York State Assembly","Colgate University (BA)
University of Cincinnati (JD)",2021,New Hartford,61
279,New York,Joe Sempolinski,Republican,Chair of the Steuben County Republican Committee,"Georgetown University (BA)
Yale University (MA, MPhil)",2022 (special),Canisteo,39
280,New York,John Katko,Republican,"Attorney, Prosecutor U.S. Attorney's Office","Niagara University (BA)
Syracuse University (JD)",2015,Syracuse,59
281,New York,Joseph Morelle,Democratic,New York State Assembly,State University of New York at Geneseo (BA),2018 (special),Irondequoit,65
282,New York,Brian Higgins,Democratic,"Buffalo Common Council
New York State Assembly","Buffalo State College (BA, MA)
Harvard University (MPA)",2005,Buffalo,62
283,New York,Chris Jacobs,Republican,"New York State Senate
Secretary of State of New York
Erie County Clerk","Boston College (BA)
American University (MA)
University at Buffalo (JD)",2020 (special),Orchard Park,55
284,North Carolina,G. K. Butterfield,Democratic,North Carolina Supreme Court Justice,"North Carolina Central University (BA, JD)",2004 (special),Wilson,75
285,North Carolina,Deborah Ross,Democratic,North Carolina House of Representatives,"Brown University (AB)
University of North Carolina at Chapel Hill (JD)",2021,Raleigh,59
286,North Carolina,Greg Murphy,Republican,North Carolina House of Representatives,"Davidson College (BA)
University of North Carolina at Chapel Hill (MD)",2019 (special),Greenville,59
287,North Carolina,David Price,Democratic,"U.S. House
College professor","Mars Hill University
University of North Carolina at Chapel Hill (BA)
Yale University (BDiv, PhD)",1997,Chapel Hill,82
288,North Carolina,Virginia Foxx,Republican,North Carolina Senate,"University of North Carolina at Chapel Hill (BA)
University of North Carolina at Greensboro (MA, EdD)",2005,Banner Elk,79
289,North Carolina,Kathy Manning,Democratic,Attorney,"Harvard University (AB)
University of Michigan (JD)",2021,Greensboro,65
290,North Carolina,David Rouzer,Republican,North Carolina Senate,North Carolina State University (BS),2015,Wilmington,50
291,North Carolina,Richard Hudson,Republican,Businessman,University of North Carolina at Charlotte (BA),2013,Concord,50
292,North Carolina,Dan Bishop,Republican,"North Carolina Senate
North Carolina House of Representatives
Mecklenburg County Commission","University of North Carolina at Chapel Hill (BS, JD)",2019 (special),Charlotte,58
293,North Carolina,Patrick McHenry,Republican,North Carolina House of Representatives,"North Carolina State University
Belmont Abbey College (BA)",2005,Lake Norman,46
294,North Carolina,Madison Cawthorn,Republican,"Congressional staffer
Restaurant worker",Patrick Henry College,2021,Hendersonville,27
295,North Carolina,Alma Adams,Democratic,North Carolina House of Representatives,"North Carolina A&T State University (BS, MS)
Ohio State University (PhD)",2014 (special),Charlotte,76
296,North Carolina,Ted Budd,Republican,Businessman,"Appalachian State University (BS)
Dallas Theological Seminary (MA)
Wake Forest University (MBA)",2017,Advance,50
297,North Dakota,Kelly Armstrong,Republican,"North Dakota Senate
Chair of the North Dakota Republican Party","University of North Dakota (BA, JD)",2019,Dickinson,45
298,Ohio,Steve Chabot,Republican,"Cincinnati City Council
Hamilton County Commissioner
U.S. House","College of William & Mary (BA)
Northern Kentucky University (JD)",2011,Cincinnati,69
299,Ohio,Brad Wenstrup,Republican,Physician,"University of Cincinnati (BA)
Rosalind Franklin University (BS, DPM)",2013,Cincinnati,64
300,Ohio,Joyce Beatty,Democratic,Ohio House of Representatives,"Central State University (BA)
Wright State University (MS)
University of Cincinnati",2013,Columbus,72
301,Ohio,Jim Jordan,Republican,"Ohio Senate
Ohio House of Representatives","University of Wisconsin–Madison (BS)
Ohio State University (MA)
Capital University (JD)",2007,Urbana,58
302,Ohio,Bob Latta,Republican,"Wood County Commissioner
Ohio House of Representatives
Ohio Senate","Bowling Green State University (BA)
University of Toledo (JD)",2007,Bowling Green,66
303,Ohio,Bill Johnson,Republican,United States Air Force,"Troy University (BS)
Georgia Institute of Technology (MS)",2011,Marietta,67
304,Ohio,Bob Gibbs,Republican,"Ohio Senate
Ohio House of Representatives","Ohio State University, Wooster",2011,Lakeville,68
305,Ohio,Warren Davidson,Republican,Businessman,"United States Military Academy (BS)
University of Notre Dame (MBA)",2016 (special),Troy,52
306,Ohio,Marcy Kaptur,Democratic,"Domestic Policy Advisor, Carter Adm.","University of Wisconsin–Madison (BA)
University of Michigan (MUP)
Massachusetts Institute of Technology",1983,Toledo,76
307,Ohio,Mike Turner,Republican,Mayor of Dayton,"Ohio Northern University (BA)
Case Western Reserve University (JD)
University of Dayton (MBA)",2003,Dayton,62
308,Ohio,Shontel Brown,Democratic,Cuyahoga County Council,"Cuyahoga Community College (AS)
Wilberforce University (BS)",2021 (special),Warrensville Heights,47
309,Ohio,Troy Balderson,Republican,Ohio Senate,"Muskingum University
Ohio State University",2018 (special),Zanesville,60
310,Ohio,Tim Ryan,Democratic,Ohio Senate,"Youngstown State University
Bowling Green State University (BA)
University of New Hampshire, Concord (JD)",2003,Warren,49
311,Ohio,David Joyce,Republican,Geauga County Prosecutor,"University of Dayton (BS, JD)",2013,Russell Township,65
312,Ohio,Mike Carey,Republican,Lobbyist,"Marion Military Institute (AA)
Ohio State University (BA)",2021 (special),Columbus,51
313,Ohio,Anthony Gonzalez,Republican,Football player,"Ohio State University (BA)
Stanford University (MBA)",2019,Rocky River,38
314,Oklahoma,Kevin Hern,Republican,Businessman,"Arkansas Tech University (BS)
Georgia Institute of Technology
University of Arkansas, Little Rock (MBA)",2018 (special),Tulsa,60
315,Oklahoma,Markwayne Mullin,Republican,"Businessman
Mixed martial artist","Missouri Valley College
Oklahoma State University, Okmulgee",2013,Westville,45
316,Oklahoma,Frank Lucas,Republican,Oklahoma House of Representatives,Oklahoma State University–Stillwater (BS),1994 (special),Cheyenne,62
317,Oklahoma,Tom Cole,Republican,"Oklahoma Senate
Oklahoma Secretary of State
College professor","Grinnell College (BA)
Yale University (MA)
University of Oklahoma (PhD)",2003,Moore,73
318,Oklahoma,Stephanie Bice,Republican,Oklahoma Senate,"Oklahoma State University, Stillwater (BS)",2021,Oklahoma City,48
319,Oregon,Suzanne Bonamici,Democratic,"Oregon House of Representatives
Oregon State Senate","Lane Community College
University of Oregon (BA, JD)",2012 (special),Beaverton,67
320,Oregon,Cliff Bentz,Republican,Oregon State Senate,"Eastern Oregon University (BA)
Lewis and Clark College (JD)",2021,Ontario,70
321,Oregon,Earl Blumenauer,Democratic,"Oregon House of Representatives 
Multnomah County Commissioner 
Portland City Commissioner","Lewis & Clark College (BA, JD)",1996 (special),Portland,74
322,Oregon,Peter DeFazio,Democratic,Lane County Commissioner,"Tufts University (BA)
University of Oregon (MA)",1987,Springfield,75
323,Oregon,Kurt Schrader,Democratic,"Veterinarian
Oregon State Senate","Cornell University (BA)
University of Illinois Urbana-Champaign (BS, DVM)",2009,Canby,70
324,Pennsylvania,Brian Fitzpatrick,Republican,"FBI agent
Special Assistant U.S. Attorney","La Salle University (BS)
Pennsylvania State University (MBA)
Pennsylvania State University, Carlisle (JD)",2017,Levittown,48
325,Pennsylvania,Brendan Boyle,Democratic,Pennsylvania House of Representatives,"University of Notre Dame (BA)
Harvard University (MPP)",2015,Philadelphia,45
326,Pennsylvania,Dwight Evans,Democratic,Pennsylvania House of Representatives,"Community College of Philadelphia (AA)
La Salle University (BA)",2016 (special),Philadelphia,68
327,Pennsylvania,Madeleine Dean,Democratic,Pennsylvania House of Representatives,"La Salle University (BA)
Widener University (JD)",2019,Jenkintown,63
328,Pennsylvania,Mary Gay Scanlon,Democratic,Attorney,"Colgate University (BA)
University of Pennsylvania (JD)",2018 (special),Swarthmore,63
329,Pennsylvania,Chrissy Houlahan,Democratic,"Entrepreneur
U.S. Air Force","Stanford University (BS)
Massachusetts Institute of Technology (MS)",2019,Devon,55
330,Pennsylvania,Susan Wild,Democratic,Solicitor of Allentown,"American University (BA)
George Washington University (JD)",2018 (special),Allentown,65
331,Pennsylvania,Matt Cartwright,Democratic,Attorney,"Hamilton College, New York (BA)
University of Pennsylvania (JD)",2013,Moosic,61
332,Pennsylvania,Dan Meuser,Republican,Secretary of Revenue of Pennsylvania,"State University of New York Maritime College
Cornell University (BA)",2019,Dallas,58
333,Pennsylvania,Scott Perry,Republican,"Pennsylvania House of Representatives
Businessman
U.S. Army","Pennsylvania State University (BS)
United States Army War College (MS)",2013,Dillsburg,60
334,Pennsylvania,Lloyd Smucker,Republican,Pennsylvania Senate,"Lebanon Valley College
Franklin and Marshall College",2017,Lancaster,58
335,Pennsylvania,Fred Keller,Republican,Pennsylvania House of Representatives,–,2019 (special),Middleburg,56
336,Pennsylvania,John Joyce,Republican,Dermatologist,"Pennsylvania State University, Altoona
Pennsylvania State University, University Park (BS)
Temple University (MD)",2019,Hollidaysburg,65
337,Pennsylvania,Guy Reschenthaler,Republican,"Pennsylvania Senate
Judge
U.S. Navy","Pennsylvania State University, Behrend (BA)
Duquesne University (JD)",2019,Peters Township,39
338,Pennsylvania,Glenn Thompson,Republican,Chair of the Centre County Republican Committee,"Pennsylvania State University (BS)
Temple University (MEd)",2009,Howard,63
339,Pennsylvania,Mike Kelly,Republican,Butler City Council,University of Notre Dame (BA),2011,Butler,74
340,Pennsylvania,Conor Lamb,Democratic,"Assistant U.S. Attorney for the Western District of Pennsylvania
U.S. Marine Corps","University of Pennsylvania (BA, JD)",2018 (special),Mt. Lebanon,38
341,Pennsylvania,Mike Doyle,Democratic,Pennsylvania State Senate Chief of Staff,Pennsylvania State University (BS),1995,Pittsburgh,69
342,Rhode Island,David Cicilline,Democratic,"Mayor of Providence
Rhode Island House of Representatives","Brown University (BA)
Georgetown University (JD)",2011,Providence,61
343,Rhode Island,James Langevin,Democratic,"Secretary of State of Rhode Island
Rhode Island House of Representatives","Rhode Island College (BA)
Harvard University (MPA)",2001,Warwick,58
344,South Carolina,Nancy Mace,Republican,South Carolina House of Representatives,"The Citadel (BS)
University of Georgia (MS)",2021,Charleston,44
345,South Carolina,Joe Wilson,Republican,South Carolina Senate,"Washington and Lee University (BA)
University of South Carolina (JD)",2001 (special),Springdale,75
346,South Carolina,Jeff Duncan,Republican,South Carolina House of Representatives,Clemson University (BA),2011,Laurens,56
347,South Carolina,William Timmons,Republican,"Attorney
Entrepreneur","George Washington University (BA)
University of South Carolina (MA, JD)",2019,Greenville,38
348,South Carolina,Ralph Norman,Republican,"South Carolina House of Representatives
Real estate developer",Presbyterian College (BS),2017 (special),Rock Hill,69
349,South Carolina,Jim Clyburn,Democratic,"Political aide
Teacher",South Carolina State University (BA),1993,Columbia,82
350,South Carolina,Tom Rice,Republican,"Attorney
Businessman
Horry County Council Chair","University of South Carolina (BS, MA, JD)",2013,Myrtle Beach,65
351,South Dakota,Dusty Johnson,Republican,"Chief of Staff to the Governor of South Dakota
South Dakota Public Utilities Commission","University of South Dakota (BA)
University of Kansas (MPA)",2019,Mitchell,45
352,Tennessee,Diana Harshbarger,Republican,Pharmacist,"East Tennessee State University (BS)
Mercer University (PharmD)",2021,Kingsport,62
353,Tennessee,Tim Burchett,Republican,"Mayor of Knox County
Tennessee Senate
Tennessee House of Representatives","University of Tennessee,
Knoxville (BS)",2019,Knoxville,58
354,Tennessee,Chuck Fleischmann,Republican,Attorney,"University of Illinois Urbana-Champaign (BA)
University of Tennessee (JD)",2011,Chattanooga,59
355,Tennessee,Scott DesJarlais,Republican,Physician,"University of South Dakota (BS, MD)",2011,Sherwood,58
356,Tennessee,Jim Cooper,Democratic,"U.S. House
College professor","University of North Carolina at Chapel Hill (BA)
Oriel College, Oxford (MA)
Harvard University (JD)",2003,Nashville,68
357,Tennessee,John Rose,Republican,Commissioner of Agriculture of Tennessee,"Tennessee Technological University (BS)
Purdue University, West Lafayette (MS)
Vanderbilt University (JD)",2019,Cookeville,57
358,Tennessee,Mark E. Green,Republican,Tennessee Senate,"United States Military Academy (BS)
University of Southern California (MA)
Wright State University (MD)",2019,Clarksville,57
359,Tennessee,David Kustoff,Republican,Attorney for the United States District Court for the Western District of Tennessee,"University of Memphis (BA, JD)",2017,Germantown,55
360,Tennessee,Steve Cohen,Democratic,"Tennessee Senate
Attorney","Vanderbilt University (BA)
University of Memphis (JD)",2007,Memphis,73
361,Texas,Louie Gohmert,Republican,Texas appeals court judge,"Texas A&M University (BA)
Baylor University (JD)",2005,Tyler,69
362,Texas,Dan Crenshaw,Republican,U.S. Navy SEAL,"Tufts University (BA)
Harvard University (MPA)",2019,Houston,38
363,Texas,Van Taylor,Republican,"Texas Senate
Texas House of Representatives","Harvard University (BA, MBA)",2019,Plano,50
364,Texas,Pat Fallon,Republican,"Texas Senate
Texas House of Representatives
United States Air Force second lieutenant",University of Notre Dame (BA),2021,Sherman,54
365,Texas,Lance Gooden,Republican,Texas House of Representatives,"University of Texas, Austin (BA, BBA)",2019,Terrell,39
366,Texas,Jake Ellzey,Republican,"Texas House of Representatives
United States Navy commander",United States Naval Academy (BS),2021 (special),Midlothian,52
367,Texas,Lizzie Pannill Fletcher,Democratic,Attorney,"Kenyon College (BA)
College of William and Mary (JD)",2019,Houston,47
368,Texas,Kevin Brady,Republican,Texas House of Representatives,University of South Dakota (BA),1997,The Woodlands,67
369,Texas,Al Green,Democratic,"Harris County Justice of the Peace
Houston NAACP president","Florida A&M University
Tuskegee University (BA)
Texas Southern University (JD)",2005,Houston,75
370,Texas,Michael McCaul,Republican,"Attorney
Federal prosecutor","Trinity University (BA)
St. Mary's University, Texas (JD)",2005,Austin,60
371,Texas,August Pfluger,Republican,"U.S. National Security Council
United States Air Force Lieutenant colonel","United States Air Force Academy (BS)
Embry–Riddle Aeronautical University (MS) 
Air University (MS)
Georgetown University (MS)",2021,San Angelo,43
372,Texas,Kay Granger,Republican,Mayor of Fort Worth,Texas Wesleyan University (BA),1997,Fort Worth,79
373,Texas,Ronny Jackson,Republican,"Chief Medical Advisor to the President
Physician to the President
United States Navy Rear admiral","Texas A&M University (BS)
University of Texas Medical Branch (MD)",2021,Amarillo,55
374,Texas,Randy Weber,Republican,"Texas House of Representatives
Pearland City Council","Alvin Community College
University of Houston–Clear Lake (BS)",2013,Friendswood,69
375,Texas,Vicente Gonzalez,Democratic,"Food processing executive
Texas State Board of Education","Embry–Riddle Aeronautical University (BA)
Texas Wesleyan University (JD)",2017,McAllen,55
376,Texas,Veronica Escobar,Democratic,"El Paso County Commission
El Paso County Judge","University of Texas, El Paso (BA)
New York University (MA)",2019,El Paso,53
377,Texas,Pete Sessions,Republican,U.S. House,Southwestern University (BS),2021,Waco,67
378,Texas,Sheila Jackson Lee,Democratic,"Houston City Council 
Municipal judge","Yale University (BA) 
University of Virginia (JD)",1995,Houston,72
379,Texas,Jodey Arrington,Republican,"Educator
Public administrator
White House aide","Texas Tech University (BA, MPA)",2017,Lubbock,50
380,Texas,Joaquin Castro,Democratic,Texas House of Representatives,"Stanford University (BA)
Harvard University (JD)",2013,San Antonio,48
381,Texas,Chip Roy,Republican,First Assistant Attorney General of Texas,"University of Virginia (BS, MS)
University of Texas, Austin (JD)",2019,Austin,50
382,Texas,Troy Nehls,Republican,Sheriff of Fort Bend County,"Liberty University (BA)
University of Houston–Downtown (MA)",2021,Richmond,54
383,Texas,Tony Gonzales,Republican,United States Navy Master Chief Petty Officer,"Chaminade University (AA)
Excelsior College (BS)
American Public University (MA)",2021,San Antonio,41
384,Texas,Beth Van Duyne,Republican,Mayor of Irving,Cornell University (BA),2021,Irving,51
385,Texas,Roger Williams,Republican,Secretary of State of Texas,Texas Christian University (BA),2013,Austin,73
386,Texas,Michael C. Burgess,Republican,Physician,"University of North Texas (BS, MS)
University of Texas, Houston (MD)
University of Texas at Dallas (MS)",2003,Pilot Point,71
387,Texas,Michael Cloud,Republican,Chair of the Victoria County Republican Party,Oral Roberts University (BS),2018 (special),Victoria,47
388,Texas,Henry Cuellar,Democratic,"Texas House of Representatives
Texas Secretary of State","Laredo Community College
Georgetown University (BA)
University of Texas at Austin (JD, PhD)
Texas A&M International University (MA)",2005,Laredo,67
389,Texas,Sylvia Garcia,Democratic,Texas Senate,"Texas Woman's University (BA)
Texas Southern University (JD)",2019,Houston,72
390,Texas,Eddie Bernice Johnson,Democratic,"Texas Senate
Nurse","St Mary's College, Indiana
Texas Christian University (BS)
Southern Methodist University (MPA)",1993,Dallas,86
391,Texas,John Carter,Republican,Texas state district judge,"Texas Tech University (BA)
University of Texas at Austin (JD)",2003,Round Rock,80
392,Texas,Colin Allred,Democratic,"Attorney
Football player","Baylor University (BA)
University of California, Berkeley (JD)",2019,Dallas,39
393,Texas,Marc Veasey,Democratic,Texas House of Representatives,Texas Wesleyan University (BA),2013,Fort Worth,51
394,Texas,Mayra Flores,Republican,Respiratory therapist,"Texas State Technical College, Harlingen (AA)
South Texas College (BS)",2022 (special),McAllen,36
395,Texas,Lloyd Doggett,Democratic,"Texas Senate
Texas Supreme Court justice
College professor","University of Texas at Austin (BA, JD)",1995,Austin,75
396,Texas,Brian Babin,Republican,"Lower Neches Valley Authority
Texas Historical Commission
Mayor of Woodville","Lamar University (BS)
University of Texas, Houston (DDS)",2015,Woodville,74
397,Utah,Blake Moore,Republican,United States Foreign Service officer,"University of Utah (BA)
Northwestern University (MS)",2021,Salt Lake City,42
398,Utah,Chris Stewart,Republican,"Author
Businessman",Utah State University (BA),2013,Farmington,62
399,Utah,John Curtis,Republican,Mayor of Provo,Brigham Young University (BS),2017 (special),Provo,62
400,Utah,Burgess Owens,Republican,"Businessman 
National Football League player",University of Miami (BS),2021,Salt Lake City,71
401,Vermont,Peter Welch,Democratic,Vermont Senate President Pro Tempore,"College of the Holy Cross (BA)
University of California, Berkeley (JD)",2007,Norwich,75
402,Virginia,Rob Wittman,Republican,"Mayor of Montross 
Westmoreland County Board of Supervisors
Virginia House of Delegates","Virginia Tech (BS) 
University of North Carolina at Chapel Hill (MPH) 
Virginia Commonwealth University (PhD)",2007 (special),Montross,63
403,Virginia,Elaine Luria,Democratic,U.S. Navy Commander,"United States Naval Academy (BS)
Old Dominion University (MS)",2019,Norfolk,47
404,Virginia,Bobby Scott,Democratic,"Virginia Senate
Virginia House of Delegates","Harvard University (BA)
Boston College (JD)",1993,Newport News,75
405,Virginia,Donald McEachin,Democratic,"Virginia Senate
Virginia House of Delegates","American University (BA)
University of Virginia (JD)
Virginia Union University (MDiv)",2017,Richmond,60
406,Virginia,Bob Good,Republican,"Liberty University Athletic Director 
Campbell County Board of Supervisors","Liberty University (BS, MBA)",2021,Evington,57
407,Virginia,Ben Cline,Republican,Virginia House of Delegates,"Bates College (BA)
University of Richmond (JD)",2019,Rockbridge County,50
408,Virginia,Abigail Spanberger,Democratic,CIA operations officer,"University of Virginia (BA)
Purdue University (MBA)",2019,Glen Allen,43
409,Virginia,Don Beyer,Democratic,"U.S. Ambassador to Switzerland and Liechtenstein
Lieutenant Governor of Virginia",Williams College (BA),2015,Alexandria,72
410,Virginia,Morgan Griffith,Republican,Virginia House of Delegates,"Emory and Henry College (BA) 
Washington and Lee University (JD)",2011,Salem,64
411,Virginia,Jennifer Wexton,Democratic,Virginia Senate,"University of Maryland, College Park (BA)
College of William and Mary (JD)",2019,Leesburg,54
412,Virginia,Gerry Connolly,Democratic,Fairfax County Board of Supervisors Chair,"Maryknoll College (Glen Ellyn, Illinois) (BA)
Harvard University (MPA)",2009,Fairfax,72
413,Washington,Suzan DelBene,Democratic,Washington Department of Revenue Director,"Reed College (BS)
University of Washington (MBA)",2012 (special),Medina,60
414,Washington,Rick Larsen,Democratic,Snohomish County Council,"Pacific Lutheran University (BA)
University of Minnesota (MPA)",2001,Everett,57
415,Washington,Jaime Herrera Beutler,Republican,Washington House of Representatives,"Bellevue College
University of Washington (BA)",2011,Battle Ground,43
416,Washington,Dan Newhouse,Republican,Washington House of Representatives,Washington State University (BS),2015,Sunnyside,67
417,Washington,Cathy McMorris Rodgers,Republican,Washington House of Representatives,"Pensacola Christian College (BA)
University of Washington (MBA)",2005,Spokane,53
418,Washington,Derek Kilmer,Democratic,Washington State Senate,"Princeton University (BA)
University of Oxford (MA, PhD)",2013,Gig Harbor,48
419,Washington,Pramila Jayapal,Democratic,Washington State Senate,"Georgetown University (BA)
Northwestern University (MBA)",2017,Seattle,57
420,Washington,Kim Schrier,Democratic,Pediatrician,"University of California, Berkeley (BS)
University of California, Davis (MD)",2019,Sammamish,54
421,Washington,Adam Smith,Democratic,Washington State Senate,"Western Washington University
Fordham University (BA)
University of Washington (JD)",1997,Bellevue,57
422,Washington,Marilyn Strickland,Democratic,Mayor of Tacoma,"University of Washington (BA)
Clark Atlanta University (MBA)",2021,Tacoma,60
423,West Virginia,David McKinley,Republican,"West Virginia House of Delegates
Businessman",Purdue University (BS),2011,Wheeling,75
424,West Virginia,Alex Mooney,Republican,Maryland Senate,Dartmouth College (BA),2015,Charles Town,51
425,West Virginia,Carol Miller,Republican,West Virginia House of Delegates,"Columbia College, South Carolina (BA)",2019,Huntington,71
426,Wisconsin,Bryan Steil,Republican,"Congressional aide
Attorney","Georgetown University (BS)
University of Wisconsin–Madison (JD)",2019,Janesville,41
427,Wisconsin,Mark Pocan,Democratic,Wisconsin State Assembly,University of Wisconsin–Madison (BA),2013,Vermont,58
428,Wisconsin,Ron Kind,Democratic,County Prosecutor,"Harvard University (BA)
London School of Economics
(MA)
University of Minnesota (JD)",1997,La Crosse,59
429,Wisconsin,Gwen Moore,Democratic,"Wisconsin State Senate
Wisconsin State Assembly",Marquette University (BA),2005,Milwaukee,71
430,Wisconsin,Scott Fitzgerald,Republican,Wisconsin State Senate,University of Wisconsin–Oshkosh (BS),2021,Clyman,58
431,Wisconsin,Glenn Grothman,Republican,"Wisconsin Senate
Wisconsin State Assembly","University of Wisconsin–Madison (BA, JD)",2015,Glenbeulah,67
432,Wisconsin,Tom Tiffany,Republican,"Wisconsin Senate
Wisconsin State Assembly",University of Wisconsin–River Falls (BS),2020 (special),Minocqua,64
433,Wisconsin,Mike Gallagher,Republican,"Political advisor
U.S. Marine Corps","Princeton University (BA)
National Intelligence University (MS)
Georgetown University (MA, MS, PhD)",2017,Green Bay,38
434,Wyoming,Liz Cheney,Republican,Principal Deputy Assistant Secretary of State for Near Eastern Affairs,"Colorado College (BA)
University of Chicago (JD)",2017,Wilson,56
